<MTConnectStreams>
	<Header creationTime="2019-05-08 20:44:01.772197" instanceId="0" sender="localhost" version="1.1" />
	<Streams>
	<DeviceStream OEM="Mazak" Order="21896" PartID="E" QTY="1013" id="O20M1" name="Mach1"> <Events><Power dataItemID="1.1" name="power" timestamp="2019-05-08 21:07:37">BREAKDOWN</Power></Events><Samples><OEE dataItemID="1.2" name="OEE" timestamp="2019-05-08 21:07:37">UNAVAILABLE</OEE></Samples></DeviceStream><DeviceStream OEM="Haas" Order="54668" PartID="B" QTY="2623" id="O20M2" name="Mach2"> <Events><Power dataItemID="2.1" name="power" timestamp="2019-05-08 21:08:22">Cutting</Power></Events><Samples><OEE dataItemID="2.2" name="OEE" timestamp="2019-05-08 21:08:22">64</OEE></Samples></DeviceStream><DeviceStream OEM="Mazak" Order="40360" PartID="C" QTY="3437" id="O20M3" name="Mach3"> <Events><Power dataItemID="3.1" name="power" timestamp="2019-05-08 21:08:22">Cutting</Power></Events><Samples><OEE dataItemID="3.2" name="OEE" timestamp="2019-05-08 21:08:21">64</OEE></Samples></DeviceStream><DeviceStream OEM="Doosan" Order="75414" PartID="GZ" QTY="1676" id="O20M4" name="Mach4"> <Events><Power dataItemID="4.1" name="power" timestamp="2019-05-08 21:08:22">Cutting</Power></Events><Samples><OEE dataItemID="4.2" name="OEE" timestamp="2019-05-08 21:08:22">69</OEE></Samples></DeviceStream></Streams>
</MTConnectStreams>