<MTConnectStreams>
	<Header creationTime="2019-05-08 20:44:01.772197" instanceId="0" sender="localhost" version="1.1" />
	<Streams>
	<DeviceStream OEM="Haas" Order="65476" PartID="F" QTY="735" id="O13M1" name="Mach1"> <Events><Power dataItemID="1.1" name="power" timestamp="2019-05-08 21:08:22">Cutting</Power></Events><Samples><OEE dataItemID="1.2" name="OEE" timestamp="2019-05-08 21:08:22">68</OEE></Samples></DeviceStream><DeviceStream OEM="AMS" Order="37150" PartID="B" QTY="3329" id="O13M2" name="Mach2"> <Events><Power dataItemID="2.1" name="power" timestamp="2019-05-08 21:08:22">Cutting</Power></Events><Samples><OEE dataItemID="2.2" name="OEE" timestamp="2019-05-08 21:08:22">70</OEE></Samples></DeviceStream><DeviceStream OEM="AMS" Order="85400" PartID="B" QTY="300" id="O13M3" name="Mach3"> <Events><Power dataItemID="3.1" name="power" timestamp="2019-05-08 21:08:22">ON</Power></Events><Samples><OEE dataItemID="3.2" name="OEE" timestamp="2019-05-08 21:08:22">95</OEE></Samples></DeviceStream><DeviceStream OEM="GF" Order="69478" PartID="E2" QTY="791" id="O13M4" name="Mach4"> <Events><Power dataItemID="4.1" name="power" timestamp="2019-05-08 21:08:22">Cutting</Power></Events><Samples><OEE dataItemID="4.2" name="OEE" timestamp="2019-05-08 21:08:21">77</OEE></Samples></DeviceStream><DeviceStream OEM="GF" Order="63795" PartID="F" QTY="881" id="O13M5" name="Mach5"> <Events><Power dataItemID="5.1" name="power" timestamp="2019-05-08 21:08:22">ON</Power></Events><Samples><OEE dataItemID="5.2" name="OEE" timestamp="2019-05-08 21:08:22">70</OEE></Samples></DeviceStream><DeviceStream OEM="Doosan" Order="95456" PartID="GZ" QTY="1384" id="O13M6" name="Mach6"> <Events><Power dataItemID="6.1" name="power" timestamp="2019-05-08 21:08:22">Cutting</Power></Events><Samples><OEE dataItemID="6.2" name="OEE" timestamp="2019-05-08 21:08:22">72</OEE></Samples></DeviceStream><DeviceStream OEM="Haas" Order="94377" PartID="B" QTY="3252" id="O13M7" name="Mach7"> <Events><Power dataItemID="7.1" name="power" timestamp="2019-05-08 21:08:22">Cutting</Power></Events><Samples><OEE dataItemID="7.2" name="OEE" timestamp="2019-05-08 21:08:22">83</OEE></Samples></DeviceStream></Streams>
</MTConnectStreams>