<MTConnectStreams>
	<Header creationTime="2019-05-08 20:44:01.772197" instanceId="0" sender="localhost" version="1.1" />
	<Streams>
	<DeviceStream OEM="GF" Order="53743" PartID="B" QTY="3189" id="O18M1" name="Mach1"> <Events><Power dataItemID="1.1" name="power" timestamp="2019-05-08 21:08:22">Cutting</Power></Events><Samples><OEE dataItemID="1.2" name="OEE" timestamp="2019-05-08 21:08:22">68</OEE></Samples></DeviceStream><DeviceStream OEM="AMS" Order="24071" PartID="E" QTY="1120" id="O18M2" name="Mach2"> <Events><Power dataItemID="2.1" name="power" timestamp="2019-05-08 21:08:22">ON</Power></Events><Samples><OEE dataItemID="2.2" name="OEE" timestamp="2019-05-08 21:08:21">63</OEE></Samples></DeviceStream><DeviceStream OEM="Doosan" Order="98777" PartID="G" QTY="726" id="O18M3" name="Mach3"> <Events><Power dataItemID="3.1" name="power" timestamp="2019-05-08 21:07:23">BREAKDOWN</Power></Events><Samples><OEE dataItemID="3.2" name="OEE" timestamp="2019-05-08 21:07:23">UNAVAILABLE</OEE></Samples></DeviceStream><DeviceStream OEM="GF" Order="63525" PartID="G" QTY="3890" id="O18M4" name="Mach4"> <Events><Power dataItemID="4.1" name="power" timestamp="2019-05-08 21:08:22">Cutting</Power></Events><Samples><OEE dataItemID="4.2" name="OEE" timestamp="2019-05-08 21:08:22">94</OEE></Samples></DeviceStream><DeviceStream OEM="Doosan" Order="75611" PartID="E2" QTY="2790" id="O18M5" name="Mach5"> <Events><Power dataItemID="5.1" name="power" timestamp="2019-05-08 21:08:22">ON</Power></Events><Samples><OEE dataItemID="5.2" name="OEE" timestamp="2019-05-08 21:08:22">53</OEE></Samples></DeviceStream><DeviceStream OEM="Haas" Order="21815" PartID="F4" QTY="3493" id="O18M6" name="Mach6"> <Events><Power dataItemID="6.1" name="power" timestamp="2019-05-08 21:08:22">ON</Power></Events><Samples><OEE dataItemID="6.2" name="OEE" timestamp="2019-05-08 21:08:22">90</OEE></Samples></DeviceStream></Streams>
</MTConnectStreams>