<MTConnectStreams>
	<Header creationTime="2019-05-08 20:44:01.772197" instanceId="0" sender="localhost" version="1.1" />
	<Streams>
	<DeviceStream OEM="GF" Order="24581" PartID="GZ" QTY="399" id="O14M1" name="Mach1"> <Events><Power dataItemID="1.1" name="power" timestamp="2019-05-08 21:08:22">ON</Power></Events><Samples><OEE dataItemID="1.2" name="OEE" timestamp="2019-05-08 21:08:22">55</OEE></Samples></DeviceStream><DeviceStream OEM="DMG" Order="86759" PartID="F" QTY="3726" id="O14M2" name="Mach2"> <Events><Power dataItemID="2.1" name="power" timestamp="2019-05-08 21:08:22">ON</Power></Events><Samples><OEE dataItemID="2.2" name="OEE" timestamp="2019-05-08 21:08:22">55</OEE></Samples></DeviceStream><DeviceStream OEM="Doosan" Order="83632" PartID="F4" QTY="1544" id="O14M3" name="Mach3"> <Events><Power dataItemID="3.1" name="power" timestamp="2019-05-08 21:08:22">Cutting</Power></Events><Samples><OEE dataItemID="3.2" name="OEE" timestamp="2019-05-08 21:08:22">91</OEE></Samples></DeviceStream><DeviceStream OEM="Doosan" Order="48930" PartID="E2" QTY="3372" id="O14M4" name="Mach4"> <Events><Power dataItemID="4.1" name="power" timestamp="2019-05-08 21:08:22">ON</Power></Events><Samples><OEE dataItemID="4.2" name="OEE" timestamp="2019-05-08 21:08:22">55</OEE></Samples></DeviceStream><DeviceStream OEM="AMS" Order="24802" PartID="E" QTY="355" id="O14M5" name="Mach5"> <Events><Power dataItemID="5.1" name="power" timestamp="2019-05-08 21:08:22">Cutting</Power></Events><Samples><OEE dataItemID="5.2" name="OEE" timestamp="2019-05-08 21:08:22">90</OEE></Samples></DeviceStream><DeviceStream OEM="Haas" Order="92999" PartID="D" QTY="2905" id="O14M6" name="Mach6"> <Events><Power dataItemID="6.1" name="power" timestamp="2019-05-08 21:07:21">BREAKDOWN</Power></Events><Samples><OEE dataItemID="6.2" name="OEE" timestamp="2019-05-08 21:07:21">UNAVAILABLE</OEE></Samples></DeviceStream><DeviceStream OEM="AMS" Order="57429" PartID="C" QTY="992" id="O14M7" name="Mach7"> <Events><Power dataItemID="7.1" name="power" timestamp="2019-05-08 21:08:22">Cutting</Power></Events><Samples><OEE dataItemID="7.2" name="OEE" timestamp="2019-05-08 21:08:22">86</OEE></Samples></DeviceStream><DeviceStream OEM="AMS" Order="58949" PartID="G" QTY="2787" id="O14M8" name="Mach8"> <Events><Power dataItemID="8.1" name="power" timestamp="2019-05-08 21:08:22">OFF</Power></Events><Samples><OEE dataItemID="8.2" name="OEE" timestamp="2019-05-08 21:08:21">0</OEE></Samples></DeviceStream><DeviceStream OEM="Mazak" Order="79202" PartID="E" QTY="2622" id="O14M9" name="Mach9"> <Events><Power dataItemID="9.1" name="power" timestamp="2019-05-08 21:08:22">OFF</Power></Events><Samples><OEE dataItemID="9.2" name="OEE" timestamp="2019-05-08 21:08:22">0</OEE></Samples></DeviceStream></Streams>
</MTConnectStreams>