<MTConnectStreams>
	<Header creationTime="2019-05-08 20:44:01.772197" instanceId="0" sender="localhost" version="1.1" />
	<Streams>
	<DeviceStream OEM="GF" Order="25043" PartID="E" QTY="1669" id="O9M1" name="Mach1"> <Events><Power dataItemID="1.1" name="power" timestamp="2019-05-08 21:08:23">ON</Power></Events><Samples><OEE dataItemID="1.2" name="OEE" timestamp="2019-05-08 21:08:22">91</OEE></Samples></DeviceStream><DeviceStream OEM="AMS" Order="20822" PartID="D" QTY="407" id="O9M2" name="Mach2"> <Events><Power dataItemID="2.1" name="power" timestamp="2019-05-08 21:08:23">ON</Power></Events><Samples><OEE dataItemID="2.2" name="OEE" timestamp="2019-05-08 21:08:23">94</OEE></Samples></DeviceStream><DeviceStream OEM="GF" Order="55809" PartID="E2" QTY="3624" id="O9M3" name="Mach3"> <Events><Power dataItemID="3.1" name="power" timestamp="2019-05-08 21:08:22">Cutting</Power></Events><Samples><OEE dataItemID="3.2" name="OEE" timestamp="2019-05-08 21:08:22">72</OEE></Samples></DeviceStream><DeviceStream OEM="Haas" Order="29676" PartID="GZ" QTY="824" id="O9M4" name="Mach4"> <Events><Power dataItemID="4.1" name="power" timestamp="2019-05-08 21:08:23">OFF</Power></Events><Samples><OEE dataItemID="4.2" name="OEE" timestamp="2019-05-08 21:08:23">0</OEE></Samples></DeviceStream></Streams>
</MTConnectStreams>