<MTConnectStreams>
	<Header creationTime="2019-05-08 20:44:01.772197" instanceId="0" sender="localhost" version="1.1" />
	<Streams>
	<DeviceStream OEM="Haas" Order="56024" PartID="G" QTY="3360" id="O19M1" name="Mach1"> <Events><Power dataItemID="1.1" name="power" timestamp="2019-05-08 21:08:22">OFF</Power></Events><Samples><OEE dataItemID="1.2" name="OEE" timestamp="2019-05-08 21:08:21">0</OEE></Samples></DeviceStream><DeviceStream OEM="Doosan" Order="52748" PartID="B" QTY="2090" id="O19M2" name="Mach2"> <Events><Power dataItemID="2.1" name="power" timestamp="2019-05-08 21:08:22">OFF</Power></Events><Samples><OEE dataItemID="2.2" name="OEE" timestamp="2019-05-08 21:08:22">0</OEE></Samples></DeviceStream><DeviceStream OEM="Mazak" Order="97339" PartID="GZ" QTY="3109" id="O19M3" name="Mach3"> <Events><Power dataItemID="3.1" name="power" timestamp="2019-05-08 21:08:22">OFF</Power></Events><Samples><OEE dataItemID="3.2" name="OEE" timestamp="2019-05-08 21:08:22">0</OEE></Samples></DeviceStream><DeviceStream OEM="GF" Order="27126" PartID="B" QTY="1219" id="O19M4" name="Mach4"> <Events><Power dataItemID="4.1" name="power" timestamp="2019-05-08 21:08:22">OFF</Power></Events><Samples><OEE dataItemID="4.2" name="OEE" timestamp="2019-05-08 21:08:22">0</OEE></Samples></DeviceStream><DeviceStream OEM="Haas" Order="94460" PartID="B" QTY="2740" id="O19M5" name="Mach5"> <Events><Power dataItemID="5.1" name="power" timestamp="2019-05-08 21:08:22">OFF</Power></Events><Samples><OEE dataItemID="5.2" name="OEE" timestamp="2019-05-08 21:08:22">0</OEE></Samples></DeviceStream><DeviceStream OEM="Doosan" Order="82968" PartID="F" QTY="2959" id="O19M6" name="Mach6"> <Events><Power dataItemID="6.1" name="power" timestamp="2019-05-08 21:08:22">OFF</Power></Events><Samples><OEE dataItemID="6.2" name="OEE" timestamp="2019-05-08 21:08:22">0</OEE></Samples></DeviceStream></Streams>
</MTConnectStreams>