<MTConnectDevices>
	<Header creationTime="2019-05-08 20:44:01.772197" instanceId="0" sender="localhost" version="1.1" />
	<Devices>
    <Device OEM="DMG" id="O2M1" name="Mach1"> <Dataitems><Dataitem ID="1.1" category="EVENT" name="power" /><Dataitem ID="1.2" category="SAMPLE" name="OEE" /></Dataitems></Device><Device OEM="DMG" id="O2M2" name="Mach2"> <Dataitems><Dataitem ID="2.1" category="EVENT" name="power" /><Dataitem ID="2.2" category="SAMPLE" name="OEE" /></Dataitems></Device></Devices>
</MTConnectDevices>