<MTConnectStreams>
	<Header creationTime="2019-05-08 20:44:01.772197" instanceId="0" sender="localhost" version="1.1" />
	<Streams>
	<DeviceStream OEM="DMG" Order="94977" PartID="C" QTY="410" id="O2M1" name="Mach1"> <Events><Power dataItemID="1.1" name="power" timestamp="2019-05-08 21:08:22">OFF</Power></Events><Samples><OEE dataItemID="1.2" name="OEE" timestamp="2019-05-08 21:08:21">0</OEE></Samples></DeviceStream><DeviceStream OEM="DMG" Order="48255" PartID="F4" QTY="1720" id="O2M2" name="Mach2"> <Events><Power dataItemID="2.1" name="power" timestamp="2019-05-08 21:08:22">OFF</Power></Events><Samples><OEE dataItemID="2.2" name="OEE" timestamp="2019-05-08 21:08:22">0</OEE></Samples></DeviceStream></Streams>
</MTConnectStreams>