<MTConnectStreams>
	<Header creationTime="2019-05-08 20:44:01.772197" instanceId="0" sender="localhost" version="1.1" />
	<Streams>
	<DeviceStream OEM="DMG" Order="37546" PartID="E" QTY="2454" id="O16M1" name="Mach1"> <Events><Power dataItemID="1.1" name="power" timestamp="2019-05-08 21:08:22">Cutting</Power></Events><Samples><OEE dataItemID="1.2" name="OEE" timestamp="2019-05-08 21:08:21">70</OEE></Samples></DeviceStream><DeviceStream OEM="Haas" Order="77967" PartID="C" QTY="3462" id="O16M2" name="Mach2"> <Events><Power dataItemID="2.1" name="power" timestamp="2019-05-08 21:08:22">Cutting</Power></Events><Samples><OEE dataItemID="2.2" name="OEE" timestamp="2019-05-08 21:08:22">56</OEE></Samples></DeviceStream></Streams>
</MTConnectStreams>