<MTConnectStreams>
	<Header creationTime="2019-05-08 20:44:01.772197" instanceId="0" sender="localhost" version="1.1" />
	<Streams>
	<DeviceStream OEM="Mazak" Order="56591" PartID="D" QTY="2830" id="O6M1" name="Mach1"> <Events><Power dataItemID="1.1" name="power" timestamp="2019-05-08 21:08:22">ON</Power></Events><Samples><OEE dataItemID="1.2" name="OEE" timestamp="2019-05-08 21:08:22">55</OEE></Samples></DeviceStream><DeviceStream OEM="GF" Order="43929" PartID="A" QTY="2209" id="O6M2" name="Mach2"> <Events><Power dataItemID="2.1" name="power" timestamp="2019-05-08 21:08:23">OFF</Power></Events><Samples><OEE dataItemID="2.2" name="OEE" timestamp="2019-05-08 21:08:23">0</OEE></Samples></DeviceStream><DeviceStream OEM="DMG" Order="61237" PartID="G" QTY="2152" id="O6M3" name="Mach3"> <Events><Power dataItemID="3.1" name="power" timestamp="2019-05-08 21:08:23">OFF</Power></Events><Samples><OEE dataItemID="3.2" name="OEE" timestamp="2019-05-08 21:08:22">0</OEE></Samples></DeviceStream><DeviceStream OEM="Doosan" Order="94754" PartID="GZ" QTY="2827" id="O6M4" name="Mach4"> <Events><Power dataItemID="4.1" name="power" timestamp="2019-05-08 21:08:22">OFF</Power></Events><Samples><OEE dataItemID="4.2" name="OEE" timestamp="2019-05-08 21:08:22">0</OEE></Samples></DeviceStream><DeviceStream OEM="Doosan" Order="87300" PartID="C" QTY="2049" id="O6M5" name="Mach5"> <Events><Power dataItemID="5.1" name="power" timestamp="2019-05-08 21:07:09">BREAKDOWN</Power></Events><Samples><OEE dataItemID="5.2" name="OEE" timestamp="2019-05-08 21:07:09">UNAVAILABLE</OEE></Samples></DeviceStream></Streams>
</MTConnectStreams>