<MTConnectStreams>
	<Header creationTime="2019-05-08 20:44:01.772197" instanceId="0" sender="localhost" version="1.1" />
	<Streams>
	<DeviceStream OEM="DMG" Order="77205" PartID="E" QTY="2382" id="O12M1" name="Mach1"> <Events><Power dataItemID="1.1" name="power" timestamp="2019-05-08 21:08:22">ON</Power></Events><Samples><OEE dataItemID="1.2" name="OEE" timestamp="2019-05-08 21:08:21">65</OEE></Samples></DeviceStream><DeviceStream OEM="Mazak" Order="73309" PartID="E2" QTY="1760" id="O12M2" name="Mach2"> <Events><Power dataItemID="2.1" name="power" timestamp="2019-05-08 21:08:22">Cutting</Power></Events><Samples><OEE dataItemID="2.2" name="OEE" timestamp="2019-05-08 21:08:22">65</OEE></Samples></DeviceStream></Streams>
</MTConnectStreams>