<MTConnectStreams>
	<Header creationTime="2019-05-08 20:44:01.772197" instanceId="0" sender="localhost" version="1.1" />
	<Streams>
	<DeviceStream OEM="DMG" Order="42950" PartID="GZ" QTY="3522" id="O1M1" name="Mach1"> <Events><Power dataItemID="1.1" name="power" timestamp="2019-05-08 21:08:21">ON</Power></Events><Samples><OEE dataItemID="1.2" name="OEE" timestamp="2019-05-08 21:08:21">95</OEE></Samples></DeviceStream><DeviceStream OEM="Doosan" Order="97912" PartID="F4" QTY="452" id="O1M2" name="Mach2"> <Events><Power dataItemID="2.1" name="power" timestamp="2019-05-08 21:08:21">OFF</Power></Events><Samples><OEE dataItemID="2.2" name="OEE" timestamp="2019-05-08 21:08:21">0</OEE></Samples></DeviceStream><DeviceStream OEM="Haas" Order="97270" PartID="F" QTY="3988" id="O1M3" name="Mach3"> <Events><Power dataItemID="3.1" name="power" timestamp="2019-05-08 21:08:21">OFF</Power></Events><Samples><OEE dataItemID="3.2" name="OEE" timestamp="2019-05-08 21:08:21">0</OEE></Samples></DeviceStream><DeviceStream OEM="Doosan" Order="30029" PartID="D" QTY="1208" id="O1M4" name="Mach4"> <Events><Power dataItemID="4.1" name="power" timestamp="2019-05-08 21:08:22">OFF</Power></Events><Samples><OEE dataItemID="4.2" name="OEE" timestamp="2019-05-08 21:08:21">0</OEE></Samples></DeviceStream></Streams>
</MTConnectStreams>