<MTConnectStreams>
	<Header creationTime="2019-05-08 20:44:01.772197" instanceId="0" sender="localhost" version="1.1" />
	<Streams>
	<DeviceStream OEM="Doosan" Order="42963" PartID="F4" QTY="816" id="O15M1" name="Mach1"> <Events><Power dataItemID="1.1" name="power" timestamp="2019-05-08 21:08:22">OFF</Power></Events><Samples><OEE dataItemID="1.2" name="OEE" timestamp="2019-05-08 21:08:22">0</OEE></Samples></DeviceStream><DeviceStream OEM="DMG" Order="57822" PartID="F" QTY="1948" id="O15M2" name="Mach2"> <Events><Power dataItemID="2.1" name="power" timestamp="2019-05-08 21:08:22">OFF</Power></Events><Samples><OEE dataItemID="2.2" name="OEE" timestamp="2019-05-08 21:08:22">0</OEE></Samples></DeviceStream><DeviceStream OEM="Mazak" Order="84907" PartID="C" QTY="435" id="O15M3" name="Mach3"> <Events><Power dataItemID="3.1" name="power" timestamp="2019-05-08 21:08:22">OFF</Power></Events><Samples><OEE dataItemID="3.2" name="OEE" timestamp="2019-05-08 21:08:22">0</OEE></Samples></DeviceStream><DeviceStream OEM="Doosan" Order="58332" PartID="GZ" QTY="1273" id="O15M4" name="Mach4"> <Events><Power dataItemID="4.1" name="power" timestamp="2019-05-08 21:08:22">OFF</Power></Events><Samples><OEE dataItemID="4.2" name="OEE" timestamp="2019-05-08 21:08:22">0</OEE></Samples></DeviceStream><DeviceStream OEM="AMS" Order="67435" PartID="G" QTY="2425" id="O15M5" name="Mach5"> <Events><Power dataItemID="5.1" name="power" timestamp="2019-05-08 21:08:22">OFF</Power></Events><Samples><OEE dataItemID="5.2" name="OEE" timestamp="2019-05-08 21:08:22">0</OEE></Samples></DeviceStream><DeviceStream OEM="Haas" Order="34225" PartID="E" QTY="122" id="O15M6" name="Mach6"> <Events><Power dataItemID="6.1" name="power" timestamp="2019-05-08 21:08:22">OFF</Power></Events><Samples><OEE dataItemID="6.2" name="OEE" timestamp="2019-05-08 21:08:21">0</OEE></Samples></DeviceStream><DeviceStream OEM="Mazak" Order="79850" PartID="GZ" QTY="1027" id="O15M7" name="Mach7"> <Events><Power dataItemID="7.1" name="power" timestamp="2019-05-08 21:08:22">OFF</Power></Events><Samples><OEE dataItemID="7.2" name="OEE" timestamp="2019-05-08 21:08:22">0</OEE></Samples></DeviceStream></Streams>
</MTConnectStreams>