<MTConnectStreams>
	<Header creationTime="2019-03-01 06:09:17.653281" instanceId="0" sender="localhost" version="1.1" />
	<Streams>
	<DeviceStream OEM="Mazak" id="O3M1" name="Mach1"> <Events><Power dataItemID="1.1" name="power" timestamp="2019-03-01 06:11:13">ON</Power></Events><Samples><OEE dataItemID="1.2" name="OEE" timestamp="2019-03-01 06:11:12">67</OEE></Samples></DeviceStream><DeviceStream OEM="Haas" id="O3M2" name="Mach2"> <Events><Power dataItemID="2.1" name="power" timestamp="TSP">UNAVAILABLE</Power></Events><Samples><OEE dataItemID="2.2" name="OEE" timestamp="TSP">UNAVAILABLE</OEE></Samples></DeviceStream></Streams>
</MTConnectStreams>