<MTConnectStreams>
	<Header creationTime="2019-05-08 20:44:01.772197" instanceId="0" sender="localhost" version="1.1" />
	<Streams>
	<DeviceStream OEM="GF" Order="97867" PartID="A" QTY="3910" id="O4M1" name="Mach1"> <Events><Power dataItemID="1.1" name="power" timestamp="2019-05-08 21:08:22">ON</Power></Events><Samples><OEE dataItemID="1.2" name="OEE" timestamp="2019-05-08 21:08:22">63</OEE></Samples></DeviceStream><DeviceStream OEM="DMG" Order="51709" PartID="G" QTY="1886" id="O4M2" name="Mach2"> <Events><Power dataItemID="2.1" name="power" timestamp="2019-05-08 21:08:22">ON</Power></Events><Samples><OEE dataItemID="2.2" name="OEE" timestamp="2019-05-08 21:08:22">71</OEE></Samples></DeviceStream><DeviceStream OEM="DMG" Order="71090" PartID="A" QTY="1400" id="O4M3" name="Mach3"> <Events><Power dataItemID="3.1" name="power" timestamp="2019-05-08 21:07:00">BREAKDOWN</Power></Events><Samples><OEE dataItemID="3.2" name="OEE" timestamp="2019-05-08 21:07:00">UNAVAILABLE</OEE></Samples></DeviceStream><DeviceStream OEM="AMS" Order="94243" PartID="A" QTY="1463" id="O4M4" name="Mach4"> <Events><Power dataItemID="4.1" name="power" timestamp="2019-05-08 21:08:22">ON</Power></Events><Samples><OEE dataItemID="4.2" name="OEE" timestamp="2019-05-08 21:08:21">78</OEE></Samples></DeviceStream><DeviceStream OEM="AMS" Order="79790" PartID="F" QTY="1945" id="O4M5" name="Mach5"> <Events><Power dataItemID="5.1" name="power" timestamp="2019-05-08 21:08:22">Cutting</Power></Events><Samples><OEE dataItemID="5.2" name="OEE" timestamp="2019-05-08 21:08:22">60</OEE></Samples></DeviceStream><DeviceStream OEM="AMS" Order="64681" PartID="E2" QTY="2782" id="O4M6" name="Mach6"> <Events><Power dataItemID="6.1" name="power" timestamp="2019-05-08 21:08:22">Cutting</Power></Events><Samples><OEE dataItemID="6.2" name="OEE" timestamp="2019-05-08 21:08:22">68</OEE></Samples></DeviceStream></Streams>
</MTConnectStreams>