<MTConnectStreams>
	<Header creationTime="2019-05-08 20:44:01.772197" instanceId="0" sender="localhost" version="1.1" />
	<Streams>
	<DeviceStream OEM="AMS" Order="32982" PartID="G" QTY="3308" id="O7M1" name="Mach1"> <Events><Power dataItemID="1.1" name="power" timestamp="2019-05-08 21:08:22">ON</Power></Events><Samples><OEE dataItemID="1.2" name="OEE" timestamp="2019-05-08 21:08:22">83</OEE></Samples></DeviceStream><DeviceStream OEM="Haas" Order="32014" PartID="E" QTY="1689" id="O7M2" name="Mach2"> <Events><Power dataItemID="2.1" name="power" timestamp="2019-05-08 21:08:22">Cutting</Power></Events><Samples><OEE dataItemID="2.2" name="OEE" timestamp="2019-05-08 21:08:22">86</OEE></Samples></DeviceStream><DeviceStream OEM="Mazak" Order="20621" PartID="E2" QTY="518" id="O7M3" name="Mach3"> <Events><Power dataItemID="3.1" name="power" timestamp="2019-05-08 21:08:22">OFF</Power></Events><Samples><OEE dataItemID="3.2" name="OEE" timestamp="2019-05-08 21:08:22">0</OEE></Samples></DeviceStream><DeviceStream OEM="Haas" Order="54717" PartID="C" QTY="3376" id="O7M4" name="Mach4"> <Events><Power dataItemID="4.1" name="power" timestamp="2019-05-08 21:08:22">OFF</Power></Events><Samples><OEE dataItemID="4.2" name="OEE" timestamp="2019-05-08 21:08:22">0</OEE></Samples></DeviceStream><DeviceStream OEM="GF" Order="59794" PartID="B" QTY="2859" id="O7M5" name="Mach5"> <Events><Power dataItemID="5.1" name="power" timestamp="2019-05-08 21:08:22">OFF</Power></Events><Samples><OEE dataItemID="5.2" name="OEE" timestamp="2019-05-08 21:08:22">0</OEE></Samples></DeviceStream><DeviceStream OEM="Doosan" Order="83098" PartID="GZ" QTY="743" id="O7M6" name="Mach6"> <Events><Power dataItemID="6.1" name="power" timestamp="2019-05-08 21:08:23">OFF</Power></Events><Samples><OEE dataItemID="6.2" name="OEE" timestamp="2019-05-08 21:08:22">0</OEE></Samples></DeviceStream><DeviceStream OEM="GF" Order="50792" PartID="F" QTY="2743" id="O7M7" name="Mach7"> <Events><Power dataItemID="7.1" name="power" timestamp="2019-05-08 21:08:14">BREAKDOWN</Power></Events><Samples><OEE dataItemID="7.2" name="OEE" timestamp="2019-05-08 21:08:14">UNAVAILABLE</OEE></Samples></DeviceStream><DeviceStream OEM="DMG" Order="23952" PartID="E" QTY="3173" id="O7M8" name="Mach8"> <Events><Power dataItemID="8.1" name="power" timestamp="2019-05-08 21:08:22">OFF</Power></Events><Samples><OEE dataItemID="8.2" name="OEE" timestamp="2019-05-08 21:08:22">0</OEE></Samples></DeviceStream></Streams>
</MTConnectStreams>