<MTConnectStreams>
	<Header creationTime="2019-05-08 20:44:01.772197" instanceId="0" sender="localhost" version="1.1" />
	<Streams>
	<DeviceStream OEM="Mazak" Order="83165" PartID="F" QTY="565" id="O17M1" name="Mach1"> <Events><Power dataItemID="1.1" name="power" timestamp="2019-05-08 21:08:22">OFF</Power></Events><Samples><OEE dataItemID="1.2" name="OEE" timestamp="2019-05-08 21:08:22">0</OEE></Samples></DeviceStream><DeviceStream OEM="Mazak" Order="33185" PartID="G" QTY="942" id="O17M2" name="Mach2"> <Events><Power dataItemID="2.1" name="power" timestamp="2019-05-08 21:08:22">OFF</Power></Events><Samples><OEE dataItemID="2.2" name="OEE" timestamp="2019-05-08 21:08:21">0</OEE></Samples></DeviceStream><DeviceStream OEM="Doosan" Order="53007" PartID="GZ" QTY="2215" id="O17M3" name="Mach3"> <Events><Power dataItemID="3.1" name="power" timestamp="2019-05-08 21:08:21">BREAKDOWN</Power></Events><Samples><OEE dataItemID="3.2" name="OEE" timestamp="2019-05-08 21:08:21">UNAVAILABLE</OEE></Samples></DeviceStream><DeviceStream OEM="Haas" Order="23201" PartID="C" QTY="2438" id="O17M4" name="Mach4"> <Events><Power dataItemID="4.1" name="power" timestamp="2019-05-08 21:08:07">BREAKDOWN</Power></Events><Samples><OEE dataItemID="4.2" name="OEE" timestamp="2019-05-08 21:08:07">UNAVAILABLE</OEE></Samples></DeviceStream><DeviceStream OEM="Mazak" Order="26663" PartID="GZ" QTY="3331" id="O17M5" name="Mach5"> <Events><Power dataItemID="5.1" name="power" timestamp="2019-05-08 21:08:22">OFF</Power></Events><Samples><OEE dataItemID="5.2" name="OEE" timestamp="2019-05-08 21:08:22">0</OEE></Samples></DeviceStream></Streams>
</MTConnectStreams>