<MTConnectDevices>
	<Header creationTime="2019-05-08 20:44:01.772197" instanceId="0" sender="localhost" version="1.1" />
	<Devices>
    <Device OEM="DMG" id="O8M1" name="Mach1"> <Dataitems><Dataitem ID="1.1" category="EVENT" name="power" /><Dataitem ID="1.2" category="SAMPLE" name="OEE" /></Dataitems></Device><Device OEM="AMS" id="O8M2" name="Mach2"> <Dataitems><Dataitem ID="2.1" category="EVENT" name="power" /><Dataitem ID="2.2" category="SAMPLE" name="OEE" /></Dataitems></Device><Device OEM="Haas" id="O8M3" name="Mach3"> <Dataitems><Dataitem ID="3.1" category="EVENT" name="power" /><Dataitem ID="3.2" category="SAMPLE" name="OEE" /></Dataitems></Device><Device OEM="Doosan" id="O8M4" name="Mach4"> <Dataitems><Dataitem ID="4.1" category="EVENT" name="power" /><Dataitem ID="4.2" category="SAMPLE" name="OEE" /></Dataitems></Device><Device OEM="AMS" id="O8M5" name="Mach5"> <Dataitems><Dataitem ID="5.1" category="EVENT" name="power" /><Dataitem ID="5.2" category="SAMPLE" name="OEE" /></Dataitems></Device><Device OEM="GF" id="O8M6" name="Mach6"> <Dataitems><Dataitem ID="6.1" category="EVENT" name="power" /><Dataitem ID="6.2" category="SAMPLE" name="OEE" /></Dataitems></Device><Device OEM="Doosan" id="O8M7" name="Mach7"> <Dataitems><Dataitem ID="7.1" category="EVENT" name="power" /><Dataitem ID="7.2" category="SAMPLE" name="OEE" /></Dataitems></Device><Device OEM="Mazak" id="O8M8" name="Mach8"> <Dataitems><Dataitem ID="8.1" category="EVENT" name="power" /><Dataitem ID="8.2" category="SAMPLE" name="OEE" /></Dataitems></Device></Devices>
</MTConnectDevices>