<MTConnectStreams>
	<Header creationTime="2019-05-08 20:44:01.772197" instanceId="0" sender="localhost" version="1.1" />
	<Streams>
	<DeviceStream OEM="DMG" Order="61790" PartID="GZ" QTY="1185" id="O8M1" name="Mach1"> <Events><Power dataItemID="1.1" name="power" timestamp="2019-05-08 21:08:22">OFF</Power></Events><Samples><OEE dataItemID="1.2" name="OEE" timestamp="2019-05-08 21:08:22">0</OEE></Samples></DeviceStream><DeviceStream OEM="AMS" Order="76881" PartID="E2" QTY="2907" id="O8M2" name="Mach2"> <Events><Power dataItemID="2.1" name="power" timestamp="2019-05-08 21:08:22">OFF</Power></Events><Samples><OEE dataItemID="2.2" name="OEE" timestamp="2019-05-08 21:08:22">0</OEE></Samples></DeviceStream><DeviceStream OEM="Haas" Order="27481" PartID="GZ" QTY="342" id="O8M3" name="Mach3"> <Events><Power dataItemID="3.1" name="power" timestamp="2019-05-08 21:07:27">BREAKDOWN</Power></Events><Samples><OEE dataItemID="3.2" name="OEE" timestamp="2019-05-08 21:07:27">UNAVAILABLE</OEE></Samples></DeviceStream><DeviceStream OEM="Doosan" Order="96780" PartID="E2" QTY="3941" id="O8M4" name="Mach4"> <Events><Power dataItemID="4.1" name="power" timestamp="2019-05-08 21:08:23">OFF</Power></Events><Samples><OEE dataItemID="4.2" name="OEE" timestamp="2019-05-08 21:08:23">0</OEE></Samples></DeviceStream><DeviceStream OEM="AMS" Order="41852" PartID="GZ" QTY="1939" id="O8M5" name="Mach5"> <Events><Power dataItemID="5.1" name="power" timestamp="2019-05-08 21:08:22">OFF</Power></Events><Samples><OEE dataItemID="5.2" name="OEE" timestamp="2019-05-08 21:08:22">0</OEE></Samples></DeviceStream><DeviceStream OEM="GF" Order="71785" PartID="GZ" QTY="2973" id="O8M6" name="Mach6"> <Events><Power dataItemID="6.1" name="power" timestamp="2019-05-08 21:08:23">OFF</Power></Events><Samples><OEE dataItemID="6.2" name="OEE" timestamp="2019-05-08 21:08:22">0</OEE></Samples></DeviceStream><DeviceStream OEM="Doosan" Order="66828" PartID="GZ" QTY="2846" id="O8M7" name="Mach7"> <Events><Power dataItemID="7.1" name="power" timestamp="2019-05-08 21:08:23">OFF</Power></Events><Samples><OEE dataItemID="7.2" name="OEE" timestamp="2019-05-08 21:08:23">0</OEE></Samples></DeviceStream><DeviceStream OEM="Mazak" Order="73261" PartID="B" QTY="3661" id="O8M8" name="Mach8"> <Events><Power dataItemID="8.1" name="power" timestamp="2019-05-08 21:08:22">OFF</Power></Events><Samples><OEE dataItemID="8.2" name="OEE" timestamp="2019-05-08 21:08:22">0</OEE></Samples></DeviceStream></Streams>
</MTConnectStreams>